Pr_Name,Req_Date
Genesis,NULL
Exodus,12/27/2018
Exodus,12/27/2018
Numbers,1/15/2019
Genesis,1/17/2019
Genesis,1/28/2019
Genesis,1/29/2019
Leviticus,2/12/2019
Leviticus,2/12/2019
Genesis,2/13/2019
Numbers,2/15/2019
Genesis,2/28/2019
Genesis,2/28/2019
Genesis,2/28/2019
Genesis,2/28/2019
Genesis,2/28/2019
Genesis,2/28/2019
Genesis,2/28/2019
Exodus,3/7/2019
Genesis,3/8/2019
Genesis,3/25/2019
Genesis,3/25/2019
Genesis,3/25/2019
Genesis,3/25/2019
Genesis,3/25/2019
Genesis,3/25/2019
Genesis,3/25/2019
Genesis,3/25/2019
Genesis,3/25/2019
Genesis,3/25/2019
Genesis,3/25/2019
Genesis,3/25/2019
Genesis,3/25/2019
Genesis,3/25/2019
Genesis,3/25/2019
Exodus,3/25/2019
Exodus,3/25/2019
Exodus,3/25/2019
Exodus,3/25/2019
Deuteronomy,3/26/2019
Deuteronomy,3/27/2019
Judges,3/27/2019
Leviticus,3/27/2019
Genesis,3/28/2019
Genesis,3/28/2019
Genesis,3/28/2019
Exodus,3/28/2019
Genesis,3/28/2019
Genesis,3/28/2019
Exodus,3/28/2019
Exodus,3/28/2019
Genesis,3/29/2019
Exodus,4/1/2019
Genesis,4/1/2019
Genesis,4/2/2019
Leviticus,4/2/2019
Genesis,4/2/2019
Genesis,4/2/2019
Exodus,4/2/2019
Genesis,4/3/2019
Genesis,4/3/2019
Genesis,4/3/2019
Genesis,4/3/2019
Genesis,4/3/2019
Genesis,4/3/2019
Exodus,4/3/2019
Genesis,4/3/2019
Genesis,4/3/2019
Genesis,4/3/2019
Genesis,4/3/2019
Genesis,4/3/2019
Genesis,4/3/2019
Genesis,4/3/2019
Genesis,4/3/2019
Genesis,4/3/2019
Genesis,4/3/2019
Genesis,4/3/2019
Exodus,4/3/2019
Exodus,4/4/2019
Exodus,4/4/2019
Exodus,4/4/2019
Genesis,4/4/2019
Genesis,4/4/2019
Genesis,4/4/2019
Genesis,4/4/2019
Genesis,4/4/2019
Genesis,4/4/2019
Genesis,4/4/2019
Genesis,4/4/2019
Genesis,4/4/2019
Genesis,4/4/2019
Genesis,4/4/2019
Genesis,4/4/2019
Leviticus,4/5/2019
Genesis,4/5/2019
Genesis,4/5/2019
Genesis,4/5/2019
Genesis,4/5/2019
Genesis,4/8/2019
Leviticus,4/8/2019
Genesis,4/8/2019
Genesis,4/8/2019
Genesis,4/8/2019
Genesis,4/8/2019
Genesis,4/8/2019
Genesis,4/8/2019
Genesis,4/8/2019
Genesis,4/9/2019
Genesis,4/9/2019
Genesis,4/10/2019
Genesis,4/10/2019
Genesis,4/10/2019
Genesis,4/10/2019
Genesis,4/10/2019
Exodus,4/10/2019
Exodus,4/10/2019
Exodus,4/10/2019
Exodus,4/10/2019
Exodus,4/10/2019
Exodus,4/10/2019
Exodus,4/10/2019
Exodus,4/10/2019
Exodus,4/10/2019
Numbers,4/10/2019
Judges,4/11/2019
Genesis,4/11/2019
Genesis,4/11/2019
Exodus,4/11/2019
Genesis,4/11/2019
Numbers,4/11/2019
Genesis,4/12/2019
Exodus,4/14/2019
Exodus,4/14/2019
Genesis,4/15/2019
Numbers,4/15/2019
Genesis,4/15/2019
Genesis,4/15/2019
Genesis,4/15/2019
Genesis,4/15/2019
Numbers,4/15/2019
Genesis,4/16/2019
Genesis,4/16/2019
Numbers,4/16/2019
Exodus,4/17/2019
Leviticus,4/17/2019
Exodus,4/17/2019
Exodus,4/17/2019
Exodus,4/17/2019
Genesis,4/17/2019
Genesis,4/17/2019
Genesis,4/17/2019
Genesis,4/17/2019
Genesis,4/17/2019
Genesis,4/17/2019
Genesis,4/17/2019
Genesis,4/17/2019
Exodus,4/17/2019
Genesis,4/17/2019
Genesis,4/18/2019
Genesis,4/18/2019
Genesis,4/18/2019
Genesis,4/18/2019
Genesis,4/18/2019
Genesis,4/18/2019
Genesis,4/18/2019
Genesis,4/18/2019
Numbers,4/18/2019
Exodus,4/19/2019
Leviticus,4/19/2019
Numbers,4/19/2019
Genesis,4/19/2019
Numbers,4/19/2019
Genesis,4/19/2019
Genesis,4/22/2019
Genesis,4/22/2019
Leviticus,4/22/2019
Genesis,4/22/2019
Numbers,4/23/2019
Genesis,4/23/2019
Deuteronomy,4/23/2019
Genesis,4/23/2019
Genesis,4/23/2019
Genesis,4/23/2019
Genesis,4/23/2019
Genesis,4/24/2019
Genesis,4/24/2019
Genesis,4/24/2019
Genesis,4/24/2019
Genesis,4/24/2019
Genesis,4/24/2019
Genesis,4/24/2019
Exodus,4/24/2019
Leviticus,4/24/2019
Leviticus,4/24/2019
Leviticus,4/24/2019
Leviticus,4/24/2019
Genesis,4/24/2019
Genesis,4/24/2019
Numbers,4/24/2019
Leviticus,4/24/2019
Leviticus,4/24/2019
Leviticus,4/24/2019
Leviticus,4/24/2019
Leviticus,4/24/2019
Leviticus,4/24/2019
Leviticus,4/24/2019
Genesis,4/24/2019
Genesis,4/24/2019
Exodus,4/24/2019
Genesis,4/24/2019
Genesis,4/24/2019
Genesis,4/24/2019
Genesis,4/24/2019
Genesis,4/24/2019
Genesis,4/24/2019
Exodus,4/24/2019
Numbers,4/24/2019
Genesis,4/25/2019
Genesis,4/25/2019
Exodus,4/25/2019
Exodus,4/25/2019
Leviticus,4/25/2019
Genesis,4/26/2019
Exodus,4/26/2019
Exodus,4/26/2019
Genesis,4/29/2019
Genesis,4/29/2019
Genesis,4/29/2019
Genesis,4/29/2019
Genesis,4/29/2019
Numbers,4/29/2019
Numbers,4/29/2019
Exodus,4/29/2019
Exodus,4/29/2019
Exodus,4/29/2019
Exodus,4/29/2019
Exodus,4/29/2019
Exodus,4/29/2019
Exodus,4/29/2019
Exodus,4/29/2019
Exodus,4/29/2019
Exodus,4/29/2019
Exodus,4/29/2019
Genesis,4/29/2019
Exodus,4/29/2019
Exodus,4/30/2019
Exodus,4/30/2019
Exodus,4/30/2019
Exodus,4/30/2019
Exodus,4/30/2019
Exodus,4/30/2019
Exodus,4/30/2019
Exodus,4/30/2019
Exodus,4/30/2019
Exodus,4/30/2019
Exodus,4/30/2019
Exodus,4/30/2019
Genesis,4/30/2019
Genesis,4/30/2019
Numbers,4/30/2019
Leviticus,4/30/2019
Exodus,4/30/2019
Exodus,4/30/2019
Genesis,4/30/2019
Genesis,4/30/2019
Genesis,5/1/2019
Genesis,5/1/2019
Genesis,5/1/2019
Genesis,5/1/2019
Genesis,5/1/2019
Genesis,5/1/2019
Genesis,5/1/2019
Genesis,5/1/2019
Genesis,5/1/2019
Genesis,5/1/2019
Genesis,5/1/2019
Genesis,5/1/2019
Genesis,5/1/2019
Genesis,5/1/2019
Genesis,5/1/2019
Deuteronomy,5/1/2019
Genesis,5/1/2019
Genesis,5/1/2019
Genesis,5/1/2019
Genesis,5/1/2019
Exodus,5/1/2019
Exodus,5/1/2019
Exodus,5/1/2019
Exodus,5/1/2019
Exodus,5/1/2019
Exodus,5/1/2019
Exodus,5/1/2019
Exodus,5/1/2019
Genesis,5/1/2019
Genesis,5/2/2019
Genesis,5/2/2019
Exodus,5/2/2019
Genesis,5/2/2019
Genesis,5/2/2019
Exodus,5/2/2019
Exodus,5/2/2019
Genesis,5/2/2019
Leviticus,5/3/2019
Genesis,5/3/2019
Genesis,5/3/2019
Genesis,5/3/2019
Genesis,5/3/2019
Genesis,5/3/2019
Genesis,5/3/2019
Genesis,5/3/2019
Genesis,5/3/2019
Genesis,5/5/2019
Genesis,5/5/2019
Genesis,5/5/2019
Genesis,5/6/2019
Leviticus,5/6/2019
Leviticus,5/6/2019
Deuteronomy,5/6/2019
Genesis,5/6/2019
Genesis,5/6/2019
Genesis,5/6/2019
Genesis,5/6/2019
Numbers,5/6/2019
Numbers,5/6/2019
Genesis,5/6/2019
Genesis,5/7/2019
Genesis,5/7/2019
Exodus,5/7/2019
Genesis,5/7/2019
Genesis,5/7/2019
Exodus,5/7/2019
Exodus,5/7/2019
Exodus,5/7/2019
Exodus,5/7/2019
Exodus,5/7/2019
Genesis,5/7/2019
Genesis,5/7/2019
Genesis,5/7/2019
Genesis,5/8/2019
Genesis,5/8/2019
Genesis,5/8/2019
Deuteronomy,5/8/2019
Deuteronomy,5/8/2019
Deuteronomy,5/8/2019
Deuteronomy,5/8/2019
Deuteronomy,5/8/2019
Genesis,5/8/2019
Genesis,5/8/2019
Genesis,5/8/2019
Genesis,5/8/2019
Genesis,5/8/2019
Genesis,5/8/2019
Joshua,5/9/2019
Genesis,5/9/2019
Exodus,5/9/2019
Exodus,5/9/2019
Genesis,5/9/2019
Exodus,5/9/2019
Genesis,5/9/2019
Genesis,5/9/2019
Exodus,5/9/2019
Genesis,5/10/2019
Genesis,5/10/2019
Genesis,5/10/2019
Joshua,5/10/2019
Joshua,5/10/2019
Genesis,5/10/2019
Genesis,5/11/2019
Joshua,5/13/2019
Joshua,5/13/2019
Exodus,5/13/2019
Exodus,5/13/2019
Joshua,5/13/2019
Joshua,5/13/2019
Joshua,5/13/2019
Genesis,5/13/2019
Exodus,5/13/2019
Numbers,5/13/2019
Numbers,5/13/2019
Leviticus,5/13/2019
Genesis,5/14/2019
Genesis,5/14/2019
Genesis,5/14/2019
Genesis,5/14/2019
Genesis,5/15/2019
Exodus,5/15/2019
Exodus,5/15/2019
Exodus,5/15/2019
Exodus,5/15/2019
Exodus,5/15/2019
Exodus,5/15/2019
Exodus,5/15/2019
Exodus,5/15/2019
Genesis,5/15/2019
Genesis,5/15/2019
Genesis,5/15/2019
Exodus,5/15/2019
Leviticus,5/15/2019
Leviticus,5/15/2019
Leviticus,5/15/2019
Leviticus,5/15/2019
Deuteronomy,5/15/2019
Exodus,5/15/2019
Exodus,5/15/2019
Leviticus,5/16/2019
Leviticus,5/16/2019
Genesis,5/16/2019
Exodus,5/16/2019
Exodus,5/16/2019
Deuteronomy,5/16/2019
Exodus,5/16/2019
Genesis,5/17/2019
Genesis,5/17/2019
Deuteronomy,5/17/2019
Deuteronomy,5/17/2019
Genesis,5/17/2019
Joshua,5/20/2019
Genesis,5/20/2019
Leviticus,5/20/2019
Exodus,5/20/2019
Exodus,5/20/2019
Exodus,5/20/2019
Deuteronomy,5/21/2019
Exodus,5/21/2019
Genesis,5/22/2019
Genesis,5/22/2019
Genesis,5/22/2019
Genesis,5/22/2019
Genesis,5/22/2019
Genesis,5/22/2019
Exodus,5/22/2019
Exodus,5/22/2019
Genesis,5/22/2019
Genesis,5/22/2019
Genesis,5/22/2019
Genesis,5/22/2019
Genesis,5/22/2019
Genesis,5/23/2019
Leviticus,5/23/2019
Exodus,5/23/2019
Exodus,5/23/2019
Exodus,5/23/2019
Exodus,5/23/2019
Exodus,5/23/2019
Exodus,5/23/2019
Genesis,5/23/2019
Genesis,5/23/2019
Genesis,5/24/2019
Genesis,5/24/2019
Exodus,5/24/2019
Deuteronomy,5/24/2019
Exodus,5/24/2019
Leviticus,5/25/2019
Genesis,5/26/2019
Genesis,5/26/2019
Genesis,5/26/2019
Genesis,5/26/2019
Genesis,5/26/2019
Numbers,5/28/2019
Numbers,5/28/2019
Numbers,5/28/2019
Numbers,5/28/2019
Genesis,5/28/2019
Genesis,5/28/2019
Numbers,5/28/2019
Genesis,5/28/2019
Exodus,5/28/2019
Deuteronomy,5/28/2019
Joshua,5/29/2019
Genesis,5/29/2019
Genesis,5/29/2019
Genesis,5/29/2019
Genesis,5/29/2019
Genesis,5/29/2019
Genesis,5/29/2019
Genesis,5/29/2019
Exodus,5/29/2019
Joshua,5/29/2019
Genesis,5/29/2019
Genesis,5/29/2019
Genesis,5/29/2019
Genesis,5/29/2019
Genesis,5/29/2019
Deuteronomy,5/29/2019
Genesis,5/29/2019
Genesis,5/30/2019
Genesis,5/30/2019
Genesis,5/30/2019
Joshua,5/30/2019
Joshua,5/30/2019
Exodus,5/30/2019
Genesis,5/30/2019
Genesis,5/30/2019
Genesis,5/30/2019
Deuteronomy,5/30/2019
Deuteronomy,5/30/2019
Deuteronomy,5/31/2019
Deuteronomy,5/31/2019
Deuteronomy,5/31/2019
Genesis,5/31/2019
Genesis,5/31/2019
Genesis,5/31/2019
Genesis,5/31/2019
Genesis,5/31/2019
Leviticus,5/31/2019
Numbers,5/31/2019
Numbers,5/31/2019
Numbers,5/31/2019
Numbers,5/31/2019
Numbers,5/31/2019
Numbers,6/3/2019
Numbers,6/3/2019
Numbers,6/3/2019
Genesis,6/3/2019
Genesis,6/3/2019
Genesis,6/3/2019
Exodus,6/3/2019
Genesis,6/4/2019
Deuteronomy,6/4/2019
Joshua,6/4/2019
Genesis,6/4/2019
Genesis,6/4/2019
Genesis,6/4/2019
Exodus,6/4/2019
Leviticus,6/4/2019
Genesis,6/4/2019
Genesis,6/4/2019
Genesis,6/4/2019
Genesis,6/4/2019
Genesis,6/4/2019
Genesis,6/4/2019
Genesis,6/4/2019
Genesis,6/4/2019
Exodus,6/5/2019
Exodus,6/5/2019
Exodus,6/5/2019
Joshua,6/5/2019
Genesis,6/5/2019
Exodus,6/5/2019
Genesis,6/5/2019
Genesis,6/5/2019
Leviticus,6/5/2019
Genesis,6/5/2019
Exodus,6/5/2019
Exodus,6/5/2019
Exodus,6/6/2019
Exodus,6/6/2019
Exodus,6/6/2019
Deuteronomy,6/6/2019
Leviticus,6/6/2019
Exodus,6/7/2019
Exodus,6/7/2019
Exodus,6/7/2019
Exodus,6/7/2019
Genesis,6/7/2019
Genesis,6/10/2019
Genesis,6/10/2019
Genesis,6/10/2019
Genesis,6/10/2019
Genesis,6/10/2019
Genesis,6/10/2019
Genesis,6/10/2019
Genesis,6/10/2019
Exodus,6/10/2019
Exodus,6/10/2019
Exodus,6/10/2019
Genesis,6/10/2019
Genesis,6/10/2019
Genesis,6/11/2019
Genesis,6/11/2019
Genesis,6/11/2019
Genesis,6/11/2019
Genesis,6/11/2019
Genesis,6/11/2019
Joshua,6/11/2019
Deuteronomy,6/11/2019
Deuteronomy,6/11/2019
Exodus,6/11/2019
Genesis,6/11/2019
Genesis,6/11/2019
Joshua,6/12/2019
Joshua,6/12/2019
Joshua,6/12/2019
Joshua,6/12/2019
Genesis,6/12/2019
Genesis,6/12/2019
Numbers,6/12/2019
Exodus,6/12/2019
Deuteronomy,6/13/2019
Joshua,6/13/2019
Exodus,6/13/2019
Exodus,6/13/2019
Exodus,6/13/2019
Genesis,6/13/2019
Genesis,6/13/2019
Genesis,6/13/2019
Genesis,6/13/2019
Genesis,6/13/2019
Genesis,6/13/2019
Exodus,6/14/2019
Joshua,6/14/2019
Joshua,6/17/2019
Genesis,6/17/2019
Genesis,6/17/2019
Joshua,6/17/2019
Joshua,6/17/2019
Joshua,6/17/2019
Exodus,6/17/2019
Exodus,6/17/2019
Genesis,6/17/2019
Genesis,6/17/2019
Genesis,6/17/2019
Genesis,6/17/2019
Exodus,6/18/2019
Exodus,6/18/2019
Exodus,6/18/2019
Genesis,6/18/2019
Genesis,6/18/2019
Genesis,6/18/2019
Exodus,6/18/2019
Genesis,6/18/2019
Genesis,6/18/2019
Genesis,6/18/2019
Genesis,6/18/2019
Genesis,6/18/2019
Exodus,6/18/2019
Exodus,6/18/2019
Exodus,6/18/2019
Genesis,6/18/2019
Genesis,6/18/2019
Genesis,6/19/2019
Genesis,6/19/2019
Genesis,6/19/2019
Genesis,6/19/2019
Genesis,6/19/2019
Genesis,6/19/2019
Joshua,6/19/2019
Genesis,6/19/2019
Genesis,6/19/2019
Exodus,6/19/2019
Exodus,6/19/2019
Exodus,6/19/2019
Exodus,6/19/2019
Exodus,6/19/2019
Exodus,6/19/2019
Exodus,6/19/2019
Leviticus,6/19/2019
Numbers,6/20/2019
Numbers,6/20/2019
Exodus,6/20/2019
Exodus,6/20/2019
Exodus,6/20/2019
Exodus,6/20/2019
Genesis,6/20/2019
Numbers,6/20/2019
Exodus,6/20/2019
Exodus,6/20/2019
Exodus,6/20/2019
Exodus,6/21/2019
Genesis,6/21/2019
Genesis,6/21/2019
Leviticus,6/21/2019
Genesis,6/24/2019
Genesis,6/24/2019
Joshua,6/24/2019
Joshua,6/24/2019
Joshua,6/24/2019
Joshua,6/24/2019
Joshua,6/24/2019
Joshua,6/24/2019
Genesis,6/24/2019
Exodus,6/24/2019
Exodus,6/24/2019
Exodus,6/24/2019
Exodus,6/24/2019
Exodus,6/24/2019
Genesis,6/24/2019
Genesis,6/24/2019
Joshua,6/24/2019
Genesis,6/24/2019
Genesis,6/24/2019
Genesis,6/24/2019
Numbers,6/25/2019
Numbers,6/25/2019
Genesis,6/25/2019
Joshua,6/25/2019
Joshua,6/25/2019
Joshua,6/25/2019
Genesis,6/25/2019
Genesis,6/26/2019
Genesis,6/26/2019
Genesis,6/26/2019
Genesis,6/26/2019
Genesis,6/26/2019
Genesis,6/26/2019
Genesis,6/26/2019
Joshua,6/26/2019
Joshua,6/26/2019
Joshua,6/26/2019
Joshua,6/26/2019
Exodus,6/26/2019
Exodus,6/26/2019
Exodus,6/26/2019
Exodus,6/26/2019
Exodus,6/26/2019
Exodus,6/26/2019
Exodus,6/26/2019
Genesis,6/26/2019
Genesis,6/26/2019
Joshua,6/27/2019
Genesis,6/27/2019
Genesis,6/27/2019
Exodus,6/27/2019
Exodus,6/27/2019
Genesis,6/27/2019
Genesis,6/27/2019
Genesis,6/27/2019
Genesis,6/27/2019
Genesis,6/28/2019
Joshua,6/28/2019
Joshua,6/28/2019
Exodus,6/28/2019
Exodus,6/28/2019
Exodus,6/28/2019
Exodus,6/28/2019
Joshua,7/1/2019
Joshua,7/1/2019
Joshua,7/1/2019
Genesis,7/1/2019
Genesis,7/1/2019
Exodus,7/1/2019
Joshua,7/2/2019
Genesis,7/2/2019
Exodus,7/2/2019
Exodus,7/2/2019
Genesis,7/2/2019
Joshua,7/2/2019
Leviticus,7/2/2019
Joshua,7/2/2019
Joshua,7/3/2019
Joshua,7/3/2019
Joshua,7/3/2019
Joshua,7/3/2019
Joshua,7/3/2019
Joshua,7/3/2019
Joshua,7/3/2019
Genesis,7/3/2019
Joshua,7/3/2019
Joshua,7/3/2019
Joshua,7/3/2019
Exodus,7/3/2019
Genesis,7/3/2019
Genesis,7/3/2019
Joshua,7/4/2019
Joshua,7/4/2019
Joshua,7/4/2019
Joshua,7/4/2019
Genesis,7/4/2019
Joshua,7/4/2019
Genesis,7/4/2019
Genesis,7/4/2019
Genesis,7/4/2019
Genesis,7/4/2019
Joshua,7/5/2019
Genesis,7/5/2019
Genesis,7/8/2019
Genesis,7/8/2019
Joshua,7/8/2019
Joshua,7/8/2019
Joshua,7/8/2019
Joshua,7/8/2019
Joshua,7/8/2019
Joshua,7/8/2019
Exodus,7/8/2019
Exodus,7/8/2019
Exodus,7/8/2019
Exodus,7/8/2019
Genesis,7/8/2019
Genesis,7/8/2019
Joshua,7/9/2019
Genesis,7/9/2019
Genesis,7/9/2019
Joshua,7/10/2019
Genesis,7/10/2019
Genesis,7/10/2019
Exodus,7/10/2019
Exodus,7/10/2019
Exodus,7/10/2019
Genesis,7/10/2019
Joshua,7/10/2019
Joshua,7/10/2019
Joshua,7/10/2019
Exodus,7/10/2019
Exodus,7/10/2019
Exodus,7/10/2019
Exodus,7/10/2019
Exodus,7/10/2019
Exodus,7/10/2019
Exodus,7/10/2019
Exodus,7/10/2019
Exodus,7/10/2019
Exodus,7/10/2019
Exodus,7/10/2019
Exodus,7/10/2019
Exodus,7/10/2019
Exodus,7/10/2019
Exodus,7/10/2019
Numbers,7/10/2019
Genesis,7/11/2019
Numbers,7/11/2019
Numbers,7/11/2019
Exodus,7/11/2019
Genesis,7/11/2019
Genesis,7/11/2019
Joshua,7/11/2019
Joshua,7/11/2019
Joshua,7/11/2019
Joshua,7/11/2019
Leviticus,7/11/2019
Joshua,7/11/2019
Exodus,7/11/2019
Joshua,7/12/2019
Joshua,7/12/2019
Joshua,7/12/2019
Genesis,7/12/2019
Joshua,7/12/2019
Joshua,7/12/2019
Joshua,7/12/2019
Joshua,7/12/2019
Joshua,7/12/2019
Genesis,7/12/2019
Genesis,7/12/2019
Genesis,7/12/2019
Genesis,7/12/2019
Genesis,7/12/2019
Genesis,7/12/2019
Genesis,7/12/2019
Genesis,7/12/2019
Genesis,7/12/2019
Genesis,7/12/2019
Genesis,7/12/2019
Genesis,7/12/2019
Genesis,7/12/2019
Genesis,7/12/2019
Genesis,7/12/2019
Genesis,7/12/2019
Genesis,7/12/2019
Genesis,7/12/2019
Genesis,7/12/2019
Genesis,7/12/2019
Genesis,7/12/2019
Genesis,7/12/2019
Genesis,7/12/2019
Genesis,7/12/2019
Genesis,7/12/2019
Genesis,7/12/2019
Genesis,7/12/2019
Genesis,7/12/2019
Genesis,7/12/2019
Genesis,7/12/2019
Genesis,7/15/2019
Genesis,7/15/2019
Exodus,7/15/2019
Deuteronomy,7/15/2019
Exodus,7/15/2019
Leviticus,7/15/2019
Genesis,7/15/2019
Leviticus,7/15/2019
Joshua,7/15/2019
Joshua,7/15/2019
Exodus,7/15/2019
Genesis,7/16/2019
Genesis,7/16/2019
Joshua,7/16/2019
Genesis,7/16/2019
Genesis,7/16/2019
Genesis,7/16/2019
Genesis,7/16/2019
Genesis,7/16/2019
Joshua,7/17/2019
Joshua,7/17/2019
Genesis,7/17/2019
Genesis,7/17/2019
Genesis,7/17/2019
Genesis,7/17/2019
Exodus,7/17/2019
Exodus,7/17/2019
Exodus,7/17/2019
Joshua,7/18/2019
Genesis,7/18/2019
Genesis,7/18/2019
Joshua,7/18/2019
Joshua,7/18/2019
Leviticus,7/18/2019
Genesis,7/18/2019
Leviticus,7/19/2019
Exodus,7/19/2019
Joshua,7/19/2019
Genesis,7/19/2019
Joshua,7/19/2019
Joshua,7/19/2019
Joshua,7/19/2019
Genesis,7/19/2019
Joshua,7/22/2019
Joshua,7/22/2019
Joshua,7/22/2019
Exodus,7/22/2019
Joshua,7/22/2019
Genesis,7/22/2019
Genesis,7/22/2019
Genesis,7/22/2019
Genesis,7/22/2019
Joshua,7/22/2019
Joshua,7/22/2019
Exodus,7/22/2019
Joshua,7/23/2019
Joshua,7/23/2019
Genesis,7/23/2019
Genesis,7/23/2019
Genesis,7/23/2019
Genesis,7/23/2019
Joshua,7/23/2019
Genesis,7/23/2019
Genesis,7/23/2019
Genesis,7/23/2019
Genesis,7/23/2019
Genesis,7/23/2019
Exodus,7/24/2019
Genesis,7/24/2019
Joshua,7/24/2019
Genesis,7/24/2019
Genesis,7/24/2019
Genesis,7/24/2019
Genesis,7/24/2019
Genesis,7/24/2019
Genesis,7/24/2019
Exodus,7/24/2019
Exodus,7/24/2019
Genesis,7/24/2019
Genesis,7/24/2019
Genesis,7/25/2019
Deuteronomy,7/25/2019
Deuteronomy,7/25/2019
Deuteronomy,7/25/2019
Deuteronomy,7/25/2019
Deuteronomy,7/25/2019
Deuteronomy,7/25/2019
Leviticus,7/25/2019
Exodus,7/25/2019
Leviticus,7/25/2019
Exodus,7/25/2019
Exodus,7/25/2019
Genesis,7/25/2019
Genesis,7/25/2019
Genesis,7/25/2019
Exodus,7/25/2019
Genesis,7/25/2019
Genesis,7/25/2019
Genesis,7/25/2019
Genesis,7/25/2019
Deuteronomy,7/26/2019
Genesis,7/26/2019
Exodus,7/26/2019
Leviticus,7/26/2019
Genesis,7/26/2019
Genesis,7/26/2019
Exodus,7/26/2019
Exodus,7/26/2019
Genesis,7/26/2019
Genesis,7/26/2019
Leviticus,7/29/2019
Genesis,7/29/2019
Genesis,7/29/2019
Genesis,7/29/2019
Genesis,7/29/2019
Genesis,7/29/2019
Joshua,7/29/2019
Genesis,7/29/2019
Genesis,7/29/2019
Numbers,7/29/2019
Genesis,7/29/2019
Joshua,7/30/2019
Deuteronomy,7/30/2019
Joshua,7/30/2019
Leviticus,7/30/2019
Exodus,7/30/2019
Genesis,7/30/2019
Joshua,7/30/2019
Joshua,7/30/2019
Joshua,7/30/2019
Genesis,7/30/2019
Genesis,7/30/2019
Exodus,7/30/2019
Exodus,7/31/2019
Exodus,7/31/2019
Exodus,7/31/2019
Exodus,7/31/2019
Exodus,7/31/2019
Genesis,7/31/2019
Exodus,7/31/2019
Numbers,7/31/2019
Joshua,7/31/2019
Joshua,7/31/2019
Exodus,7/31/2019
Genesis,7/31/2019
Genesis,8/1/2019
Genesis,8/1/2019
Joshua,8/1/2019
Exodus,8/1/2019
Joshua,8/1/2019
Numbers,8/1/2019
Genesis,8/1/2019
Genesis,8/2/2019
Genesis,8/2/2019
Genesis,8/2/2019
Exodus,8/2/2019
Exodus,8/2/2019
Exodus,8/2/2019
Leviticus,8/2/2019
Leviticus,8/2/2019
Genesis,8/2/2019
Genesis,8/2/2019
Exodus,8/2/2019
Leviticus,8/2/2019
Leviticus,8/2/2019
Leviticus,8/2/2019
Leviticus,8/2/2019
Genesis,8/5/2019
Genesis,8/5/2019
Exodus,8/5/2019
Genesis,8/5/2019
Genesis,8/5/2019
Genesis,8/5/2019
Genesis,8/5/2019
Genesis,8/5/2019
Genesis,8/5/2019
Genesis,8/6/2019
Leviticus,8/6/2019
Genesis,8/6/2019
Leviticus,8/6/2019
Leviticus,8/6/2019
Leviticus,8/6/2019
Leviticus,8/6/2019
Joshua,8/6/2019
Joshua,8/6/2019
Exodus,8/6/2019
Genesis,8/6/2019
Genesis,8/6/2019
Genesis,8/6/2019
Genesis,8/6/2019
Genesis,8/7/2019
Deuteronomy,8/7/2019
Leviticus,8/7/2019
Genesis,8/7/2019
Genesis,8/7/2019
Genesis,8/8/2019
Genesis,8/8/2019
Exodus,8/8/2019
Genesis,8/8/2019
Genesis,8/8/2019
Genesis,8/8/2019
Genesis,8/8/2019
Exodus,8/8/2019
Genesis,8/8/2019
Genesis,8/8/2019
Genesis,8/8/2019
Deuteronomy,8/8/2019
Deuteronomy,8/8/2019
Deuteronomy,8/8/2019
Deuteronomy,8/8/2019
Deuteronomy,8/8/2019
Deuteronomy,8/8/2019
Deuteronomy,8/8/2019
Deuteronomy,8/8/2019
Genesis,8/8/2019
Genesis,8/8/2019
Genesis,8/8/2019
Genesis,8/8/2019
Genesis,8/8/2019
Genesis,8/9/2019
Genesis,8/9/2019
Genesis,8/9/2019
Genesis,8/9/2019
Genesis,8/9/2019
Genesis,8/9/2019
Genesis,8/9/2019
Genesis,8/9/2019
Genesis,8/9/2019
Genesis,8/9/2019
Genesis,8/9/2019
Genesis,8/9/2019
Genesis,8/9/2019
Genesis,8/9/2019
Genesis,8/9/2019
Genesis,8/9/2019
Genesis,8/9/2019
Genesis,8/9/2019
Genesis,8/9/2019
Genesis,8/9/2019
Genesis,8/9/2019
Genesis,8/9/2019
Genesis,8/9/2019
Genesis,8/9/2019
Leviticus,8/9/2019
Leviticus,8/9/2019
Leviticus,8/9/2019
Leviticus,8/9/2019
Genesis,8/11/2019
Genesis,8/11/2019
Genesis,8/11/2019
Genesis,8/11/2019
Genesis,8/11/2019
Genesis,8/11/2019
Genesis,8/11/2019
Genesis,8/11/2019
Genesis,8/12/2019
Genesis,8/12/2019
Genesis,8/12/2019
Genesis,8/12/2019
Genesis,8/12/2019
Genesis,8/12/2019
Genesis,8/12/2019
Joshua,8/12/2019
Genesis,8/13/2019
Genesis,8/13/2019
Exodus,8/14/2019
Exodus,8/14/2019
Exodus,8/14/2019
Exodus,8/14/2019
Exodus,8/14/2019
Exodus,8/14/2019
Exodus,8/14/2019
Exodus,8/14/2019
Exodus,8/14/2019
Exodus,8/14/2019
Exodus,8/14/2019
Exodus,8/14/2019
Exodus,8/14/2019
Exodus,8/14/2019
Exodus,8/14/2019
Exodus,8/14/2019
Exodus,8/14/2019
Exodus,8/14/2019
Genesis,8/14/2019
Exodus,8/14/2019
Genesis,8/14/2019
Exodus,8/14/2019
Exodus,8/14/2019
Exodus,8/14/2019
Exodus,8/14/2019
Genesis,8/15/2019
Genesis,8/15/2019
Genesis,8/15/2019
Exodus,8/15/2019
Exodus,8/15/2019
Exodus,8/15/2019
Exodus,8/15/2019
Exodus,8/15/2019
Exodus,8/15/2019
Exodus,8/15/2019
Genesis,8/15/2019
Exodus,8/16/2019
Exodus,8/16/2019
Exodus,8/16/2019
Numbers,8/16/2019
Exodus,8/16/2019
Exodus,8/16/2019
Exodus,8/16/2019
Exodus,8/16/2019
Genesis,8/18/2019
Genesis,8/19/2019
Genesis,8/19/2019
Exodus,8/19/2019
Genesis,8/19/2019
Genesis,8/19/2019
Numbers,8/19/2019
Genesis,8/19/2019
Exodus,8/20/2019
Exodus,8/20/2019
Leviticus,8/20/2019
Leviticus,8/20/2019
Leviticus,8/20/2019
Genesis,8/20/2019
Exodus,8/20/2019
Exodus,8/21/2019
Exodus,8/21/2019
Exodus,8/21/2019
Exodus,8/21/2019
Exodus,8/21/2019
Exodus,8/21/2019
Genesis,8/21/2019
Genesis,8/21/2019
Numbers,8/21/2019
Genesis,8/21/2019
Leviticus,8/21/2019
Genesis,8/21/2019
Genesis,8/22/2019
Genesis,8/22/2019
Genesis,8/22/2019
Numbers,8/22/2019
Genesis,8/22/2019
Genesis,8/22/2019
Exodus,8/22/2019
Exodus,8/22/2019
Genesis,8/23/2019
Numbers,8/23/2019
Leviticus,8/23/2019
Leviticus,8/23/2019
Numbers,8/26/2019
Genesis,8/26/2019
Genesis,8/26/2019
Exodus,8/26/2019
Exodus,8/26/2019
Exodus,8/26/2019
Exodus,8/26/2019
Genesis,8/27/2019
Genesis,8/27/2019
Genesis,8/27/2019
Genesis,8/27/2019
Leviticus,8/28/2019
Leviticus,8/28/2019
Leviticus,8/28/2019
Genesis,8/28/2019
Genesis,8/28/2019
Genesis,8/28/2019
Genesis,8/28/2019
Genesis,8/29/2019
Genesis,8/29/2019
Genesis,8/29/2019
Genesis,8/29/2019
Leviticus,8/29/2019
Exodus,8/29/2019
Exodus,8/30/2019
Exodus,8/30/2019
Genesis,8/30/2019
Genesis,8/30/2019
Genesis,9/2/2019
Genesis,9/2/2019
Genesis,9/2/2019
Exodus,9/3/2019
Genesis,9/3/2019
Exodus,9/3/2019
Exodus,9/3/2019
Exodus,9/3/2019
Numbers,9/3/2019
Genesis,9/4/2019
Genesis,9/4/2019
Genesis,9/4/2019
Leviticus,9/4/2019
Genesis,9/4/2019
Genesis,9/4/2019
Genesis,9/4/2019
Genesis,9/4/2019
Genesis,9/4/2019
Genesis,9/4/2019
Genesis,9/5/2019
Genesis,9/5/2019
Genesis,9/5/2019
Genesis,9/5/2019
Genesis,9/5/2019
Genesis,9/5/2019
Exodus,9/5/2019
Exodus,9/5/2019
Genesis,9/6/2019
Genesis,9/6/2019
Genesis,9/6/2019
Deuteronomy,9/6/2019
Deuteronomy,9/6/2019
Deuteronomy,9/6/2019
Deuteronomy,9/6/2019
Genesis,9/9/2019
Exodus,9/9/2019
Genesis,9/9/2019
Exodus,9/9/2019
Genesis,9/10/2019
Genesis,9/10/2019
Genesis,9/10/2019
Genesis,9/10/2019
Genesis,9/10/2019
Genesis,9/10/2019
Genesis,9/10/2019
Genesis,9/10/2019
Genesis,9/10/2019
Leviticus,9/10/2019
Leviticus,9/10/2019
Exodus,9/10/2019
Exodus,9/10/2019
Exodus,9/10/2019
Leviticus,9/11/2019
Genesis,9/11/2019
Exodus,9/11/2019
Genesis,9/11/2019
Genesis,9/11/2019
Genesis,9/11/2019
Genesis,9/11/2019
Genesis,9/11/2019
Genesis,9/11/2019
Genesis,9/11/2019
Genesis,9/11/2019
Genesis,9/11/2019
Exodus,9/11/2019
Genesis,9/12/2019
Genesis,9/12/2019
Genesis,9/12/2019
Exodus,9/12/2019
Genesis,9/12/2019
Exodus,9/12/2019
Exodus,9/12/2019
Genesis,9/12/2019
Exodus,9/12/2019
Exodus,9/12/2019
Genesis,9/12/2019
Genesis,9/12/2019
Genesis,9/13/2019
Genesis,9/13/2019
Genesis,9/15/2019
Genesis,9/16/2019
Genesis,9/16/2019
Genesis,9/16/2019
Genesis,9/16/2019
Genesis,9/16/2019
Exodus,9/16/2019
Genesis,9/16/2019
Genesis,9/16/2019
Exodus,9/16/2019
Deuteronomy,9/17/2019
Exodus,9/17/2019
Exodus,9/17/2019
Exodus,9/17/2019
Exodus,9/18/2019
Genesis,9/18/2019
Genesis,9/18/2019
Genesis,9/18/2019
Genesis,9/19/2019
Genesis,9/19/2019
Genesis,9/19/2019
Exodus,9/19/2019
Exodus,9/19/2019
Genesis,9/19/2019
Exodus,9/19/2019
Exodus,9/19/2019
Exodus,9/19/2019
Exodus,9/19/2019
Genesis,9/19/2019
Genesis,9/19/2019
Genesis,9/19/2019
Genesis,9/19/2019
Genesis,9/19/2019
Genesis,9/20/2019
Genesis,9/20/2019
Genesis,9/20/2019
Genesis,9/20/2019
Genesis,9/20/2019
Genesis,9/20/2019
Genesis,9/20/2019
Genesis,9/20/2019
Genesis,9/20/2019
Genesis,9/21/2019
Exodus,9/22/2019
Exodus,9/22/2019
Exodus,9/23/2019
Genesis,9/23/2019
Exodus,9/23/2019
Genesis,9/23/2019
Genesis,9/23/2019
Genesis,9/23/2019
Exodus,9/23/2019
Genesis,9/24/2019
Genesis,9/24/2019
Genesis,9/24/2019
Genesis,9/24/2019
Genesis,9/24/2019
Genesis,9/25/2019
Exodus,9/25/2019
Exodus,9/25/2019
Exodus,9/25/2019
Exodus,9/25/2019
Genesis,9/25/2019
Exodus,9/25/2019
Exodus,9/25/2019
Exodus,9/25/2019
Genesis,9/25/2019
Genesis,9/26/2019
Genesis,9/26/2019
Exodus,9/26/2019
Genesis,9/26/2019
Genesis,9/26/2019
Exodus,9/26/2019
Leviticus,9/26/2019
Exodus,9/26/2019
Genesis,9/26/2019
Genesis,9/26/2019
Exodus,9/27/2019
Exodus,9/27/2019
Exodus,9/27/2019
Genesis,9/27/2019
Genesis,9/27/2019
Exodus,9/27/2019
Deuteronomy,9/27/2019
Exodus,9/30/2019
Exodus,9/30/2019
Exodus,9/30/2019
Genesis,9/30/2019
Exodus,9/30/2019
Exodus,9/30/2019
Genesis,10/1/2019
Genesis,10/1/2019
Genesis,10/1/2019
Genesis,10/1/2019
Genesis,10/1/2019
Genesis,10/1/2019
Genesis,10/2/2019
Genesis,10/2/2019
Genesis,10/2/2019
Genesis,10/2/2019
Genesis,10/2/2019
Genesis,10/2/2019
Exodus,10/2/2019
Genesis,10/2/2019
Genesis,10/3/2019
Exodus,10/3/2019
Exodus,10/3/2019
Genesis,10/3/2019
Exodus,10/3/2019
Genesis,10/3/2019
Genesis,10/3/2019
Genesis,10/3/2019
Genesis,10/3/2019
Exodus,10/3/2019
Genesis,10/3/2019
Genesis,10/3/2019
Genesis,10/3/2019
Genesis,10/3/2019
Genesis,10/3/2019
Exodus,10/4/2019
Exodus,10/4/2019
Deuteronomy,10/6/2019
Genesis,10/7/2019
Exodus,10/7/2019
Exodus,10/7/2019
Genesis,10/8/2019
Exodus,10/8/2019
Exodus,10/9/2019
Genesis,10/9/2019
Genesis,10/9/2019
Genesis,10/9/2019
Genesis,10/9/2019
Exodus,10/9/2019
Exodus,10/9/2019
Genesis,10/9/2019
Genesis,10/9/2019
Leviticus,10/9/2019
Genesis,10/9/2019
Exodus,10/9/2019
Genesis,10/10/2019
Genesis,10/10/2019
Genesis,10/10/2019
Exodus,10/10/2019
Exodus,10/10/2019
Exodus,10/10/2019
Genesis,10/10/2019
Genesis,10/10/2019
Genesis,10/10/2019
Genesis,10/10/2019
Genesis,10/10/2019
Genesis,10/10/2019
Genesis,10/10/2019
Genesis,10/10/2019
Genesis,10/10/2019
Genesis,10/10/2019
Genesis,10/10/2019
Genesis,10/10/2019
Exodus,10/10/2019
Exodus,10/10/2019
Exodus,10/10/2019
Exodus,10/10/2019
Exodus,10/10/2019
Genesis,10/10/2019
Genesis,10/11/2019
Exodus,10/11/2019
Exodus,10/11/2019
Exodus,10/11/2019
Exodus,10/11/2019
Exodus,10/11/2019
Exodus,10/11/2019
Genesis,10/11/2019
Genesis,10/11/2019
Genesis,10/11/2019
Genesis,10/11/2019
Leviticus,10/13/2019
Leviticus,10/13/2019
Genesis,10/14/2019
Exodus,10/14/2019
Exodus,10/15/2019
Exodus,10/15/2019
Exodus,10/15/2019
Exodus,10/15/2019
Numbers,10/15/2019
Genesis,10/15/2019
Exodus,10/15/2019
Exodus,10/15/2019
Exodus,10/15/2019
Genesis,10/15/2019
Exodus,10/15/2019
Exodus,10/16/2019
Genesis,10/16/2019
Exodus,10/16/2019
Exodus,10/17/2019
Genesis,10/17/2019
Genesis,10/17/2019
Genesis,10/17/2019
Genesis,10/17/2019
Exodus,10/18/2019
Exodus,10/18/2019
Exodus,10/18/2019
Exodus,10/18/2019
Exodus,10/18/2019
Genesis,10/18/2019
Numbers,10/20/2019
Numbers,10/20/2019
Genesis,10/21/2019
Genesis,10/21/2019
Genesis,10/21/2019
Genesis,10/21/2019
Genesis,10/21/2019
Genesis,10/21/2019
Deuteronomy,10/21/2019
Deuteronomy,10/21/2019
Deuteronomy,10/21/2019
Genesis,10/22/2019
Genesis,10/22/2019
Genesis,10/22/2019
Genesis,10/22/2019
Genesis,10/22/2019
Genesis,10/22/2019
Genesis,10/22/2019
Genesis,10/22/2019
Leviticus,10/22/2019
Genesis,10/22/2019
Genesis,10/23/2019
Genesis,10/23/2019
Genesis,10/23/2019
Genesis,10/23/2019
Genesis,10/23/2019
Genesis,10/23/2019
Genesis,10/23/2019
Genesis,10/23/2019
Exodus,10/23/2019
Exodus,10/23/2019
Genesis,10/24/2019
Genesis,10/24/2019
Genesis,10/24/2019
Deuteronomy,10/24/2019
Deuteronomy,10/24/2019
Genesis,10/24/2019
Genesis,10/24/2019
Genesis,10/24/2019
Genesis,10/25/2019
Leviticus,10/25/2019
Leviticus,10/25/2019
Exodus,10/25/2019
Exodus,10/25/2019
Exodus,10/25/2019
Exodus,10/25/2019
Leviticus,10/25/2019
Leviticus,10/28/2019
Leviticus,10/28/2019
Genesis,10/28/2019
Leviticus,10/28/2019
Genesis,10/29/2019
Deuteronomy,10/29/2019
Exodus,10/29/2019
Genesis,10/29/2019
Genesis,10/30/2019
Exodus,10/30/2019
Genesis,10/31/2019
Genesis,10/31/2019
Deuteronomy,10/31/2019
Exodus,10/31/2019
Leviticus,10/31/2019
Genesis,11/1/2019
Genesis,11/1/2019
Leviticus,11/1/2019
Leviticus,11/1/2019
Genesis,11/2/2019
Genesis,11/4/2019
Genesis,11/4/2019
Genesis,11/4/2019
Genesis,11/4/2019
Exodus,11/4/2019
Genesis,11/4/2019
Genesis,11/4/2019
Exodus,11/4/2019
Exodus,11/4/2019
Exodus,11/4/2019
Exodus,11/4/2019
Exodus,11/4/2019
Exodus,11/4/2019
Exodus,11/5/2019
Exodus,11/5/2019
Genesis,11/5/2019
Genesis,11/5/2019
Genesis,11/5/2019
Exodus,11/5/2019
Exodus,11/5/2019
Exodus,11/5/2019
Genesis,11/6/2019
Genesis,11/6/2019
Genesis,11/6/2019
Exodus,11/6/2019
Exodus,11/6/2019
Exodus,11/6/2019
Deuteronomy,11/6/2019
Exodus,11/6/2019
Exodus,11/6/2019
Exodus,11/6/2019
Genesis,11/7/2019
Genesis,11/7/2019
Leviticus,11/7/2019
Genesis,11/7/2019
Exodus,11/7/2019
Exodus,11/7/2019
Exodus,11/7/2019
Exodus,11/7/2019
Exodus,11/7/2019
Exodus,11/7/2019
Genesis,11/8/2019
Genesis,11/8/2019
Genesis,11/8/2019
Genesis,11/8/2019
Genesis,11/8/2019
Genesis,11/8/2019
Genesis,11/10/2019
Exodus,11/11/2019
Exodus,11/11/2019
Exodus,11/11/2019
Genesis,11/11/2019
Genesis,11/11/2019
Genesis,11/11/2019
Genesis,11/11/2019
Exodus,11/11/2019
Exodus,11/11/2019
Exodus,11/11/2019
Exodus,11/11/2019
Exodus,11/11/2019
Exodus,11/11/2019
Exodus,11/11/2019
Genesis,11/11/2019
Exodus,11/12/2019
Exodus,11/12/2019
Genesis,11/12/2019
Genesis,11/12/2019
Exodus,11/12/2019
Exodus,11/12/2019
Genesis,11/12/2019
Genesis,11/12/2019
Genesis,11/12/2019
Genesis,11/12/2019
Genesis,11/12/2019
Deuteronomy,11/12/2019
Deuteronomy,11/12/2019
Genesis,11/13/2019
Leviticus,11/13/2019
Leviticus,11/13/2019
Genesis,11/13/2019
Genesis,11/13/2019
Genesis,11/13/2019
Genesis,11/13/2019
Genesis,11/13/2019
Exodus,11/13/2019
Exodus,11/13/2019
Exodus,11/13/2019
Exodus,11/13/2019
Exodus,11/13/2019
Exodus,11/13/2019
Exodus,11/13/2019
Exodus,11/13/2019
Exodus,11/13/2019
Genesis,11/13/2019
Exodus,11/14/2019
Genesis,11/14/2019
Genesis,11/14/2019
Genesis,11/14/2019
Deuteronomy,11/14/2019
Genesis,11/15/2019
Genesis,11/15/2019
Genesis,11/18/2019
Genesis,11/18/2019
Genesis,11/18/2019
Genesis,11/18/2019
Genesis,11/19/2019
Leviticus,11/19/2019
Leviticus,11/19/2019
Genesis,11/19/2019
Genesis,11/19/2019
Genesis,11/19/2019
Deuteronomy,11/19/2019
Leviticus,11/19/2019
Genesis,11/20/2019
Genesis,11/20/2019
Exodus,11/20/2019
Exodus,11/20/2019
Exodus,11/20/2019
Exodus,11/20/2019
Genesis,11/20/2019
Genesis,11/20/2019
Genesis,11/20/2019
Exodus,11/20/2019
Genesis,11/20/2019
Leviticus,11/20/2019
Deuteronomy,11/20/2019
Deuteronomy,11/20/2019
Deuteronomy,11/20/2019
Deuteronomy,11/20/2019
Genesis,11/21/2019
Genesis,11/21/2019
Genesis,11/21/2019
Exodus,11/22/2019
Exodus,11/22/2019
Genesis,11/25/2019
Exodus,11/26/2019
Exodus,11/26/2019
Leviticus,11/26/2019
Genesis,11/27/2019
Genesis,11/28/2019
Genesis,11/28/2019
Genesis,11/28/2019
Genesis,12/2/2019
Genesis,12/2/2019
Genesis,12/2/2019
Genesis,12/2/2019
Genesis,12/2/2019
Exodus,12/2/2019
Exodus,12/2/2019
Exodus,12/2/2019
Exodus,12/2/2019
Exodus,12/3/2019
Genesis,12/3/2019
Exodus,12/3/2019
Genesis,12/3/2019
Genesis,12/3/2019
Deuteronomy,12/4/2019
Genesis,12/4/2019
Exodus,12/4/2019
Exodus,12/4/2019
Exodus,12/5/2019
Exodus,12/5/2019
Genesis,12/5/2019
Leviticus,12/5/2019
Genesis,12/5/2019
Genesis,12/5/2019
Genesis,12/5/2019
Genesis,12/5/2019
Numbers,12/6/2019
Genesis,12/6/2019
Genesis,12/9/2019
Deuteronomy,12/9/2019
Deuteronomy,12/9/2019
Numbers,12/9/2019
Numbers,12/9/2019
Numbers,12/9/2019
Numbers,12/9/2019
Numbers,12/9/2019
Deuteronomy,12/10/2019
Exodus,12/10/2019
Exodus,12/10/2019
Exodus,12/10/2019
Genesis,12/10/2019
Exodus,12/10/2019
Genesis,12/10/2019
Genesis,12/10/2019
Genesis,12/10/2019
Genesis,12/10/2019
Genesis,12/10/2019
Exodus,12/10/2019
Genesis,12/10/2019
Genesis,12/10/2019
Genesis,12/10/2019
Genesis,12/10/2019
Exodus,12/11/2019
Genesis,12/11/2019
Genesis,12/11/2019
Exodus,12/11/2019
Exodus,12/12/2019
Genesis,12/12/2019
Genesis,12/12/2019
Exodus,12/12/2019
Exodus,12/12/2019
Exodus,12/13/2019
Genesis,12/16/2019
Genesis,12/16/2019
Deuteronomy,12/16/2019
Deuteronomy,12/16/2019
Genesis,12/16/2019
Genesis,12/17/2019
Genesis,12/17/2019
Deuteronomy,12/17/2019
Genesis,12/18/2019
Genesis,12/18/2019
Genesis,12/18/2019
Genesis,12/18/2019
Genesis,12/19/2019
Genesis,12/19/2019
Genesis,12/19/2019
Genesis,12/20/2019
Genesis,12/20/2019
Deuteronomy,12/20/2019
Genesis,12/23/2019
Exodus,12/24/2019
Exodus,12/24/2019
Exodus,12/24/2019
Exodus,12/24/2019
Exodus,12/24/2019
Exodus,12/24/2019
Exodus,12/24/2019
Exodus,12/24/2019
Exodus,12/24/2019
Exodus,12/26/2019
Exodus,12/26/2019
Genesis,12/30/2019
Genesis,1/3/2020
Genesis,1/3/2020
Genesis,1/3/2020
Numbers,1/6/2020
Exodus,1/7/2020
Exodus,1/7/2020
Genesis,1/7/2020
Genesis,1/8/2020
Genesis,1/8/2020
Genesis,1/8/2020
Genesis,1/9/2020
Deuteronomy,1/9/2020
Exodus,1/9/2020
Numbers,1/9/2020
Exodus,1/9/2020
Genesis,1/9/2020
Genesis,1/9/2020
Genesis,1/10/2020
Genesis,1/10/2020
Exodus,1/10/2020
Deuteronomy,1/10/2020
Deuteronomy,1/10/2020
Exodus,1/13/2020
Exodus,1/13/2020
Exodus,1/13/2020
Exodus,1/13/2020
Genesis,1/13/2020
Exodus,1/15/2020
Exodus,1/15/2020
Genesis,1/15/2020
Exodus,1/15/2020
Exodus,1/15/2020
Numbers,1/16/2020
Exodus,1/16/2020
Exodus,1/16/2020
Exodus,1/16/2020
Exodus,1/16/2020
Exodus,1/16/2020
Genesis,1/17/2020
Genesis,1/17/2020
Exodus,1/20/2020
Exodus,1/20/2020
Exodus,1/20/2020
Exodus,1/20/2020
Genesis,1/21/2020
Numbers,1/21/2020
Genesis,1/22/2020
Exodus,1/22/2020
Genesis,1/22/2020
Genesis,1/22/2020
Genesis,1/22/2020
Genesis,1/22/2020
Genesis,1/22/2020
Genesis,1/22/2020
Genesis,1/22/2020
Genesis,1/23/2020
Numbers,1/24/2020
Numbers,1/27/2020
Exodus,1/27/2020
Exodus,1/27/2020
Genesis,1/27/2020
Genesis,1/27/2020
Genesis,1/27/2020
Genesis,1/28/2020
Genesis,1/29/2020
Exodus,1/29/2020
Genesis,1/30/2020
Exodus,1/30/2020
Deuteronomy,1/30/2020
Deuteronomy,1/30/2020
Deuteronomy,1/30/2020
Deuteronomy,1/30/2020
Deuteronomy,1/30/2020
Deuteronomy,1/30/2020
Deuteronomy,1/30/2020
Genesis,1/30/2020
Genesis,1/30/2020
Genesis,1/30/2020
Genesis,1/31/2020
Genesis,2/3/2020
Genesis,2/3/2020
Genesis,2/3/2020
Genesis,2/3/2020
Genesis,2/4/2020
Genesis,2/4/2020
Genesis,2/4/2020
Genesis,2/4/2020
Exodus,2/4/2020
Genesis,2/5/2020
Exodus,2/5/2020
Exodus,2/5/2020
Exodus,2/5/2020
Genesis,2/6/2020
Genesis,2/6/2020
Genesis,2/6/2020
Genesis,2/6/2020
Genesis,2/7/2020
Genesis,2/7/2020
